piso,guerrero,paladin,asesino,arquero,mago,hechicero
1,100,100,100,100,100,100
2,100,100,100,100,100,100
3,100,100,100,100,100,100
4,100,100,100,100,100,100
5,100,100,100,100,100,100
6,100,100,100,100,100,100
7,100,100,100,100,100,100
8,100,100,100,100,100,100
9,100,100,100,100,100,100
10,100,100,100,100,100,100
11,100,100,100,100,100,100
12,100,100,100,100,100,100
13,100,100,100,100,100,100
14,100,100,100,100,100,100
15,83,100,83,100,100,100
16,100,100,100,100,100,100
17,100,100,92,100,100,100
18,100,100,100,92,100,100
19,75,100,42,67,92,92
20,83,100,67,83,92,92
21,100,100,83,100,100,100
22,100,100,92,83,100,100
23,100,100,75,92,100,92
24,92,92,83,100,100,100
25,100,100,83,58,92,92
26,100,100,58,83,75,83
27,92,100,67,83,100,92
28,100,100,50,67,58,75
29,92,83,33,33,75,67
30,100,100,0,33,92,67
31,100,100,100,100,100,100
32,100,100,83,67,92,92
33,100,100,100,83,83,92
34,100,100,83,83,83,83
35,92,100,92,83,92,92
36,100,100,75,58,83,100
37,100,100,75,92,92,75
38,100,100,67,50,58,67
39,100,100,25,17,67,50
40,33,83,8,33,50,17
41,100,100,50,83,83,42
42,100,100,42,100,50,42
43,100,100,33,67,83,83
44,100,100,92,92,75,33
45,100,100,58,58,92,92
46,100,100,17,33,25,0
47,100,100,25,8,8,0
48,100,100,50,42,8,17
49,100,100,42,58,17,8
50,8,33,0,8,0,0
51,100,100,67,67,83,50
52,92,100,75,75,100,67
53,100,92,92,75,92,75
54,100,100,83,92,100,83
55,100,100,83,92,83,67
56,100,100,42,58,75,50
57,100,92,67,100,58,58
58,100,92,42,67,67,50
59,100,100,83,75,58,67
60,100,83,42,8,8,0
61,67,92,75,58,33,8
62,83,92,67,42,33,8
63,83,75,83,75,25,33
64,83,100,67,42,75,33
65,92,92,67,58,33,42
66,50,67,25,25,17,8
67,58,33,50,58,17,17
68,33,58,25,50,42,8
69,17,67,17,42,25,0
70,83,50,42,17,17,0
71,83,67,50,67,50,33
72,83,67,75,67,42,17
73,67,83,33,42,25,33
74,83,92,75,75,58,8
75,58,58,42,50,67,17
76,75,50,42,42,58,25
77,17,75,50,58,25,25
78,75,100,58,50,17,17
79,83,33,25,42,25,8
80,50,92,8,17,33,0
